/data/scratch/users/cfbuenabadn/Tiklova/RNASeq_pipeline_spike_replicate/SRR7408400_1/star_output/Aligned.sortedByCoord.out.bam	SRR7408400
/data/scratch/users/cfbuenabadn/Tiklova/RNASeq_pipeline_spike_replicate/SRR7408401_1/star_output/Aligned.sortedByCoord.out.bam	SRR7408401
/data/scratch/users/cfbuenabadn/Tiklova/RNASeq_pipeline_spike_replicate/SRR7408404_1/star_output/Aligned.sortedByCoord.out.bam	SRR7408404
/data/scratch/users/cfbuenabadn/Tiklova/RNASeq_pipeline_spike_replicate/SRR7408413_1/star_output/Aligned.sortedByCoord.out.bam	SRR7408413
/data/scratch/users/cfbuenabadn/Tiklova/RNASeq_pipeline_spike_replicate/SRR7408414_1/star_output/Aligned.sortedByCoord.out.bam	SRR7408414
/data/scratch/users/cfbuenabadn/Tiklova/RNASeq_pipeline_spike_replicate/SRR7408418_1/star_output/Aligned.sortedByCoord.out.bam	SRR7408418
/data/scratch/users/cfbuenabadn/Tiklova/RNASeq_pipeline_spike_replicate/SRR7408422_1/star_output/Aligned.sortedByCoord.out.bam	SRR7408422
/data/scratch/users/cfbuenabadn/Tiklova/RNASeq_pipeline_spike_replicate/SRR7408424_1/star_output/Aligned.sortedByCoord.out.bam	SRR7408424
/data/scratch/users/cfbuenabadn/Tiklova/RNASeq_pipeline_spike_replicate/SRR7408426_1/star_output/Aligned.sortedByCoord.out.bam	SRR7408426
/data/scratch/users/cfbuenabadn/Tiklova/RNASeq_pipeline_spike_replicate/SRR7408427_1/star_output/Aligned.sortedByCoord.out.bam	SRR7408427
/data/scratch/users/cfbuenabadn/Tiklova/RNASeq_pipeline_spike_replicate/SRR7408433_1/star_output/Aligned.sortedByCoord.out.bam	SRR7408433
/data/scratch/users/cfbuenabadn/Tiklova/RNASeq_pipeline_spike_replicate/SRR7408437_1/star_output/Aligned.sortedByCoord.out.bam	SRR7408437
/data/scratch/users/cfbuenabadn/Tiklova/RNASeq_pipeline_spike_replicate/SRR7408438_1/star_output/Aligned.sortedByCoord.out.bam	SRR7408438
/data/scratch/users/cfbuenabadn/Tiklova/RNASeq_pipeline_spike_replicate/SRR7408444_1/star_output/Aligned.sortedByCoord.out.bam	SRR7408444
/data/scratch/users/cfbuenabadn/Tiklova/RNASeq_pipeline_spike_replicate/SRR7408446_1/star_output/Aligned.sortedByCoord.out.bam	SRR7408446
/data/scratch/users/cfbuenabadn/Tiklova/RNASeq_pipeline_spike_replicate/SRR7408448_1/star_output/Aligned.sortedByCoord.out.bam	SRR7408448
/data/scratch/users/cfbuenabadn/Tiklova/RNASeq_pipeline_spike_replicate/SRR7408449_1/star_output/Aligned.sortedByCoord.out.bam	SRR7408449
/data/scratch/users/cfbuenabadn/Tiklova/RNASeq_pipeline_spike_replicate/SRR7408454_1/star_output/Aligned.sortedByCoord.out.bam	SRR7408454
/data/scratch/users/cfbuenabadn/Tiklova/RNASeq_pipeline_spike_replicate/SRR7408458_1/star_output/Aligned.sortedByCoord.out.bam	SRR7408458
/data/scratch/users/cfbuenabadn/Tiklova/RNASeq_pipeline_spike_replicate/SRR7408460_1/star_output/Aligned.sortedByCoord.out.bam	SRR7408460
/data/scratch/users/cfbuenabadn/Tiklova/RNASeq_pipeline_spike_replicate/SRR7408461_1/star_output/Aligned.sortedByCoord.out.bam	SRR7408461
/data/scratch/users/cfbuenabadn/Tiklova/RNASeq_pipeline_spike_replicate/SRR7408462_1/star_output/Aligned.sortedByCoord.out.bam	SRR7408462
/data/scratch/users/cfbuenabadn/Tiklova/RNASeq_pipeline_spike_replicate/SRR7408470_1/star_output/Aligned.sortedByCoord.out.bam	SRR7408470
/data/scratch/users/cfbuenabadn/Tiklova/RNASeq_pipeline_spike_replicate/SRR7408472_1/star_output/Aligned.sortedByCoord.out.bam	SRR7408472
/data/scratch/users/cfbuenabadn/Tiklova/RNASeq_pipeline_spike_replicate/SRR7408473_1/star_output/Aligned.sortedByCoord.out.bam	SRR7408473
/data/scratch/users/cfbuenabadn/Tiklova/RNASeq_pipeline_spike_replicate/SRR7408474_1/star_output/Aligned.sortedByCoord.out.bam	SRR7408474
/data/scratch/users/cfbuenabadn/Tiklova/RNASeq_pipeline_spike_replicate/SRR7408475_1/star_output/Aligned.sortedByCoord.out.bam	SRR7408475
/data/scratch/users/cfbuenabadn/Tiklova/RNASeq_pipeline_spike_replicate/SRR7408482_1/star_output/Aligned.sortedByCoord.out.bam	SRR7408482
/data/scratch/users/cfbuenabadn/Tiklova/RNASeq_pipeline_spike_replicate/SRR7408483_1/star_output/Aligned.sortedByCoord.out.bam	SRR7408483
/data/scratch/users/cfbuenabadn/Tiklova/RNASeq_pipeline_spike_replicate/SRR7408485_1/star_output/Aligned.sortedByCoord.out.bam	SRR7408485
/data/scratch/users/cfbuenabadn/Tiklova/RNASeq_pipeline_spike_replicate/SRR7408486_1/star_output/Aligned.sortedByCoord.out.bam	SRR7408486
/data/scratch/users/cfbuenabadn/Tiklova/RNASeq_pipeline_spike_replicate/SRR7408487_1/star_output/Aligned.sortedByCoord.out.bam	SRR7408487
/data/scratch/users/cfbuenabadn/Tiklova/RNASeq_pipeline_spike_replicate/SRR7408493_1/star_output/Aligned.sortedByCoord.out.bam	SRR7408493
/data/scratch/users/cfbuenabadn/Tiklova/RNASeq_pipeline_spike_replicate/SRR7408494_1/star_output/Aligned.sortedByCoord.out.bam	SRR7408494
/data/scratch/users/cfbuenabadn/Tiklova/RNASeq_pipeline_spike_replicate/SRR7408498_1/star_output/Aligned.sortedByCoord.out.bam	SRR7408498
/data/scratch/users/cfbuenabadn/Tiklova/RNASeq_pipeline_spike_replicate/SRR7408517_1/star_output/Aligned.sortedByCoord.out.bam	SRR7408517
/data/scratch/users/cfbuenabadn/Tiklova/RNASeq_pipeline_spike_replicate/SRR7408518_1/star_output/Aligned.sortedByCoord.out.bam	SRR7408518
/data/scratch/users/cfbuenabadn/Tiklova/RNASeq_pipeline_spike_replicate/SRR7408519_1/star_output/Aligned.sortedByCoord.out.bam	SRR7408519
/data/scratch/users/cfbuenabadn/Tiklova/RNASeq_pipeline_spike_replicate/SRR7408520_1/star_output/Aligned.sortedByCoord.out.bam	SRR7408520
/data/scratch/users/cfbuenabadn/Tiklova/RNASeq_pipeline_spike_replicate/SRR7408521_1/star_output/Aligned.sortedByCoord.out.bam	SRR7408521
/data/scratch/users/cfbuenabadn/Tiklova/RNASeq_pipeline_spike_replicate/SRR7408522_1/star_output/Aligned.sortedByCoord.out.bam	SRR7408522
/data/scratch/users/cfbuenabadn/Tiklova/RNASeq_pipeline_spike_replicate/SRR7408523_1/star_output/Aligned.sortedByCoord.out.bam	SRR7408523
/data/scratch/users/cfbuenabadn/Tiklova/RNASeq_pipeline_spike_replicate/SRR7408524_1/star_output/Aligned.sortedByCoord.out.bam	SRR7408524
/data/scratch/users/cfbuenabadn/Tiklova/RNASeq_pipeline_spike_replicate/SRR7408525_1/star_output/Aligned.sortedByCoord.out.bam	SRR7408525
/data/scratch/users/cfbuenabadn/Tiklova/RNASeq_pipeline_spike_replicate/SRR7408526_1/star_output/Aligned.sortedByCoord.out.bam	SRR7408526
/data/scratch/users/cfbuenabadn/Tiklova/RNASeq_pipeline_spike_replicate/SRR7408527_1/star_output/Aligned.sortedByCoord.out.bam	SRR7408527
/data/scratch/users/cfbuenabadn/Tiklova/RNASeq_pipeline_spike_replicate/SRR7408528_1/star_output/Aligned.sortedByCoord.out.bam	SRR7408528
/data/scratch/users/cfbuenabadn/Tiklova/RNASeq_pipeline_spike_replicate/SRR7408529_1/star_output/Aligned.sortedByCoord.out.bam	SRR7408529
/data/scratch/users/cfbuenabadn/Tiklova/RNASeq_pipeline_spike_replicate/SRR7408530_1/star_output/Aligned.sortedByCoord.out.bam	SRR7408530
/data/scratch/users/cfbuenabadn/Tiklova/RNASeq_pipeline_spike_replicate/SRR7408531_1/star_output/Aligned.sortedByCoord.out.bam	SRR7408531
/data/scratch/users/cfbuenabadn/Tiklova/RNASeq_pipeline_spike_replicate/SRR7408532_1/star_output/Aligned.sortedByCoord.out.bam	SRR7408532
/data/scratch/users/cfbuenabadn/Tiklova/RNASeq_pipeline_spike_replicate/SRR7408533_1/star_output/Aligned.sortedByCoord.out.bam	SRR7408533
/data/scratch/users/cfbuenabadn/Tiklova/RNASeq_pipeline_spike_replicate/SRR7408534_1/star_output/Aligned.sortedByCoord.out.bam	SRR7408534
/data/scratch/users/cfbuenabadn/Tiklova/RNASeq_pipeline_spike_replicate/SRR7408535_1/star_output/Aligned.sortedByCoord.out.bam	SRR7408535
/data/scratch/users/cfbuenabadn/Tiklova/RNASeq_pipeline_spike_replicate/SRR7408536_1/star_output/Aligned.sortedByCoord.out.bam	SRR7408536
/data/scratch/users/cfbuenabadn/Tiklova/RNASeq_pipeline_spike_replicate/SRR7408537_1/star_output/Aligned.sortedByCoord.out.bam	SRR7408537
/data/scratch/users/cfbuenabadn/Tiklova/RNASeq_pipeline_spike_replicate/SRR7408538_1/star_output/Aligned.sortedByCoord.out.bam	SRR7408538
/data/scratch/users/cfbuenabadn/Tiklova/RNASeq_pipeline_spike_replicate/SRR7408539_1/star_output/Aligned.sortedByCoord.out.bam	SRR7408539
/data/scratch/users/cfbuenabadn/Tiklova/RNASeq_pipeline_spike_replicate/SRR7408540_1/star_output/Aligned.sortedByCoord.out.bam	SRR7408540
/data/scratch/users/cfbuenabadn/Tiklova/RNASeq_pipeline_spike_replicate/SRR7408541_1/star_output/Aligned.sortedByCoord.out.bam	SRR7408541
/data/scratch/users/cfbuenabadn/Tiklova/RNASeq_pipeline_spike_replicate/SRR7408542_1/star_output/Aligned.sortedByCoord.out.bam	SRR7408542
/data/scratch/users/cfbuenabadn/Tiklova/RNASeq_pipeline_spike_replicate/SRR7408543_1/star_output/Aligned.sortedByCoord.out.bam	SRR7408543
/data/scratch/users/cfbuenabadn/Tiklova/RNASeq_pipeline_spike_replicate/SRR7408544_1/star_output/Aligned.sortedByCoord.out.bam	SRR7408544
/data/scratch/users/cfbuenabadn/Tiklova/RNASeq_pipeline_spike_replicate/SRR7408545_1/star_output/Aligned.sortedByCoord.out.bam	SRR7408545
/data/scratch/users/cfbuenabadn/Tiklova/RNASeq_pipeline_spike_replicate/SRR7408546_1/star_output/Aligned.sortedByCoord.out.bam	SRR7408546
/data/scratch/users/cfbuenabadn/Tiklova/RNASeq_pipeline_spike_replicate/SRR7408547_1/star_output/Aligned.sortedByCoord.out.bam	SRR7408547
/data/scratch/users/cfbuenabadn/Tiklova/RNASeq_pipeline_spike_replicate/SRR7408548_1/star_output/Aligned.sortedByCoord.out.bam	SRR7408548
/data/scratch/users/cfbuenabadn/Tiklova/RNASeq_pipeline_spike_replicate/SRR7408549_1/star_output/Aligned.sortedByCoord.out.bam	SRR7408549
/data/scratch/users/cfbuenabadn/Tiklova/RNASeq_pipeline_spike_replicate/SRR7408550_1/star_output/Aligned.sortedByCoord.out.bam	SRR7408550
/data/scratch/users/cfbuenabadn/Tiklova/RNASeq_pipeline_spike_replicate/SRR7408551_1/star_output/Aligned.sortedByCoord.out.bam	SRR7408551
/data/scratch/users/cfbuenabadn/Tiklova/RNASeq_pipeline_spike_replicate/SRR7408552_1/star_output/Aligned.sortedByCoord.out.bam	SRR7408552
/data/scratch/users/cfbuenabadn/Tiklova/RNASeq_pipeline_spike_replicate/SRR7408553_1/star_output/Aligned.sortedByCoord.out.bam	SRR7408553
/data/scratch/users/cfbuenabadn/Tiklova/RNASeq_pipeline_spike_replicate/SRR7408554_1/star_output/Aligned.sortedByCoord.out.bam	SRR7408554
/data/scratch/users/cfbuenabadn/Tiklova/RNASeq_pipeline_spike_replicate/SRR7408555_1/star_output/Aligned.sortedByCoord.out.bam	SRR7408555
/data/scratch/users/cfbuenabadn/Tiklova/RNASeq_pipeline_spike_replicate/SRR7408556_1/star_output/Aligned.sortedByCoord.out.bam	SRR7408556
/data/scratch/users/cfbuenabadn/Tiklova/RNASeq_pipeline_spike_replicate/SRR7408557_1/star_output/Aligned.sortedByCoord.out.bam	SRR7408557
/data/scratch/users/cfbuenabadn/Tiklova/RNASeq_pipeline_spike_replicate/SRR7408558_1/star_output/Aligned.sortedByCoord.out.bam	SRR7408558
/data/scratch/users/cfbuenabadn/Tiklova/RNASeq_pipeline_spike_replicate/SRR7408559_1/star_output/Aligned.sortedByCoord.out.bam	SRR7408559
/data/scratch/users/cfbuenabadn/Tiklova/RNASeq_pipeline_spike_replicate/SRR7408560_1/star_output/Aligned.sortedByCoord.out.bam	SRR7408560
/data/scratch/users/cfbuenabadn/Tiklova/RNASeq_pipeline_spike_replicate/SRR7408561_1/star_output/Aligned.sortedByCoord.out.bam	SRR7408561
/data/scratch/users/cfbuenabadn/Tiklova/RNASeq_pipeline_spike_replicate/SRR7408562_1/star_output/Aligned.sortedByCoord.out.bam	SRR7408562
/data/scratch/users/cfbuenabadn/Tiklova/RNASeq_pipeline_spike_replicate/SRR7408564_1/star_output/Aligned.sortedByCoord.out.bam	SRR7408564
/data/scratch/users/cfbuenabadn/Tiklova/RNASeq_pipeline_spike_replicate/SRR7408566_1/star_output/Aligned.sortedByCoord.out.bam	SRR7408566
/data/scratch/users/cfbuenabadn/Tiklova/RNASeq_pipeline_spike_replicate/SRR7408567_1/star_output/Aligned.sortedByCoord.out.bam	SRR7408567
/data/scratch/users/cfbuenabadn/Tiklova/RNASeq_pipeline_spike_replicate/SRR7408569_1/star_output/Aligned.sortedByCoord.out.bam	SRR7408569
/data/scratch/users/cfbuenabadn/Tiklova/RNASeq_pipeline_spike_replicate/SRR7408570_1/star_output/Aligned.sortedByCoord.out.bam	SRR7408570
/data/scratch/users/cfbuenabadn/Tiklova/RNASeq_pipeline_spike_replicate/SRR7408571_1/star_output/Aligned.sortedByCoord.out.bam	SRR7408571
/data/scratch/users/cfbuenabadn/Tiklova/RNASeq_pipeline_spike_replicate/SRR7408572_1/star_output/Aligned.sortedByCoord.out.bam	SRR7408572
/data/scratch/users/cfbuenabadn/Tiklova/RNASeq_pipeline_spike_replicate/SRR7408573_1/star_output/Aligned.sortedByCoord.out.bam	SRR7408573
/data/scratch/users/cfbuenabadn/Tiklova/RNASeq_pipeline_spike_replicate/SRR7408574_1/star_output/Aligned.sortedByCoord.out.bam	SRR7408574
/data/scratch/users/cfbuenabadn/Tiklova/RNASeq_pipeline_spike_replicate/SRR7408575_1/star_output/Aligned.sortedByCoord.out.bam	SRR7408575
/data/scratch/users/cfbuenabadn/Tiklova/RNASeq_pipeline_spike_replicate/SRR7408576_1/star_output/Aligned.sortedByCoord.out.bam	SRR7408576
/data/scratch/users/cfbuenabadn/Tiklova/RNASeq_pipeline_spike_replicate/SRR7408577_1/star_output/Aligned.sortedByCoord.out.bam	SRR7408577
/data/scratch/users/cfbuenabadn/Tiklova/RNASeq_pipeline_spike_replicate/SRR7408578_1/star_output/Aligned.sortedByCoord.out.bam	SRR7408578
/data/scratch/users/cfbuenabadn/Tiklova/RNASeq_pipeline_spike_replicate/SRR7408579_1/star_output/Aligned.sortedByCoord.out.bam	SRR7408579
/data/scratch/users/cfbuenabadn/Tiklova/RNASeq_pipeline_spike_replicate/SRR7408580_1/star_output/Aligned.sortedByCoord.out.bam	SRR7408580
/data/scratch/users/cfbuenabadn/Tiklova/RNASeq_pipeline_spike_replicate/SRR7408581_1/star_output/Aligned.sortedByCoord.out.bam	SRR7408581
/data/scratch/users/cfbuenabadn/Tiklova/RNASeq_pipeline_spike_replicate/SRR7408582_1/star_output/Aligned.sortedByCoord.out.bam	SRR7408582
/data/scratch/users/cfbuenabadn/Tiklova/RNASeq_pipeline_spike_replicate/SRR7408583_1/star_output/Aligned.sortedByCoord.out.bam	SRR7408583
/data/scratch/users/cfbuenabadn/Tiklova/RNASeq_pipeline_spike_replicate/SRR7408584_1/star_output/Aligned.sortedByCoord.out.bam	SRR7408584
/data/scratch/users/cfbuenabadn/Tiklova/RNASeq_pipeline_spike_replicate/SRR7408585_1/star_output/Aligned.sortedByCoord.out.bam	SRR7408585
/data/scratch/users/cfbuenabadn/Tiklova/RNASeq_pipeline_spike_replicate/SRR7408586_1/star_output/Aligned.sortedByCoord.out.bam	SRR7408586
/data/scratch/users/cfbuenabadn/Tiklova/RNASeq_pipeline_spike_replicate/SRR7408587_1/star_output/Aligned.sortedByCoord.out.bam	SRR7408587
/data/scratch/users/cfbuenabadn/Tiklova/RNASeq_pipeline_spike_replicate/SRR7408588_1/star_output/Aligned.sortedByCoord.out.bam	SRR7408588
/data/scratch/users/cfbuenabadn/Tiklova/RNASeq_pipeline_spike_replicate/SRR7408589_1/star_output/Aligned.sortedByCoord.out.bam	SRR7408589
/data/scratch/users/cfbuenabadn/Tiklova/RNASeq_pipeline_spike_replicate/SRR7408590_1/star_output/Aligned.sortedByCoord.out.bam	SRR7408590
/data/scratch/users/cfbuenabadn/Tiklova/RNASeq_pipeline_spike_replicate/SRR7408591_1/star_output/Aligned.sortedByCoord.out.bam	SRR7408591
/data/scratch/users/cfbuenabadn/Tiklova/RNASeq_pipeline_spike_replicate/SRR7408592_1/star_output/Aligned.sortedByCoord.out.bam	SRR7408592
/data/scratch/users/cfbuenabadn/Tiklova/RNASeq_pipeline_spike_replicate/SRR7408593_1/star_output/Aligned.sortedByCoord.out.bam	SRR7408593
/data/scratch/users/cfbuenabadn/Tiklova/RNASeq_pipeline_spike_replicate/SRR7408594_1/star_output/Aligned.sortedByCoord.out.bam	SRR7408594
/data/scratch/users/cfbuenabadn/Tiklova/RNASeq_pipeline_spike_replicate/SRR7408595_1/star_output/Aligned.sortedByCoord.out.bam	SRR7408595
/data/scratch/users/cfbuenabadn/Tiklova/RNASeq_pipeline_spike_replicate/SRR7408596_1/star_output/Aligned.sortedByCoord.out.bam	SRR7408596
/data/scratch/users/cfbuenabadn/Tiklova/RNASeq_pipeline_spike_replicate/SRR7408598_1/star_output/Aligned.sortedByCoord.out.bam	SRR7408598
/data/scratch/users/cfbuenabadn/Tiklova/RNASeq_pipeline_spike_replicate/SRR7408599_1/star_output/Aligned.sortedByCoord.out.bam	SRR7408599
/data/scratch/users/cfbuenabadn/Tiklova/RNASeq_pipeline_spike_replicate/SRR7408600_1/star_output/Aligned.sortedByCoord.out.bam	SRR7408600
/data/scratch/users/cfbuenabadn/Tiklova/RNASeq_pipeline_spike_replicate/SRR7408601_1/star_output/Aligned.sortedByCoord.out.bam	SRR7408601
/data/scratch/users/cfbuenabadn/Tiklova/RNASeq_pipeline_spike_replicate/SRR7408602_1/star_output/Aligned.sortedByCoord.out.bam	SRR7408602
/data/scratch/users/cfbuenabadn/Tiklova/RNASeq_pipeline_spike_replicate/SRR7408603_1/star_output/Aligned.sortedByCoord.out.bam	SRR7408603
/data/scratch/users/cfbuenabadn/Tiklova/RNASeq_pipeline_spike_replicate/SRR7408604_1/star_output/Aligned.sortedByCoord.out.bam	SRR7408604
/data/scratch/users/cfbuenabadn/Tiklova/RNASeq_pipeline_spike_replicate/SRR7408605_1/star_output/Aligned.sortedByCoord.out.bam	SRR7408605
/data/scratch/users/cfbuenabadn/Tiklova/RNASeq_pipeline_spike_replicate/SRR7408606_1/star_output/Aligned.sortedByCoord.out.bam	SRR7408606
/data/scratch/users/cfbuenabadn/Tiklova/RNASeq_pipeline_spike_replicate/SRR7408607_1/star_output/Aligned.sortedByCoord.out.bam	SRR7408607
/data/scratch/users/cfbuenabadn/Tiklova/RNASeq_pipeline_spike_replicate/SRR7408608_1/star_output/Aligned.sortedByCoord.out.bam	SRR7408608
/data/scratch/users/cfbuenabadn/Tiklova/RNASeq_pipeline_spike_replicate/SRR7408609_1/star_output/Aligned.sortedByCoord.out.bam	SRR7408609
/data/scratch/users/cfbuenabadn/Tiklova/RNASeq_pipeline_spike_replicate/SRR7408610_1/star_output/Aligned.sortedByCoord.out.bam	SRR7408610
/data/scratch/users/cfbuenabadn/Tiklova/RNASeq_pipeline_spike_replicate/SRR7408611_1/star_output/Aligned.sortedByCoord.out.bam	SRR7408611
/data/scratch/users/cfbuenabadn/Tiklova/RNASeq_pipeline_spike_replicate/SRR7408612_1/star_output/Aligned.sortedByCoord.out.bam	SRR7408612
/data/scratch/users/cfbuenabadn/Tiklova/RNASeq_pipeline_spike_replicate/SRR7408613_1/star_output/Aligned.sortedByCoord.out.bam	SRR7408613
/data/scratch/users/cfbuenabadn/Tiklova/RNASeq_pipeline_spike_replicate/SRR7408614_1/star_output/Aligned.sortedByCoord.out.bam	SRR7408614
/data/scratch/users/cfbuenabadn/Tiklova/RNASeq_pipeline_spike_replicate/SRR7408615_1/star_output/Aligned.sortedByCoord.out.bam	SRR7408615
/data/scratch/users/cfbuenabadn/Tiklova/RNASeq_pipeline_spike_replicate/SRR7408616_1/star_output/Aligned.sortedByCoord.out.bam	SRR7408616
/data/scratch/users/cfbuenabadn/Tiklova/RNASeq_pipeline_spike_replicate/SRR7408617_1/star_output/Aligned.sortedByCoord.out.bam	SRR7408617
/data/scratch/users/cfbuenabadn/Tiklova/RNASeq_pipeline_spike_replicate/SRR7408618_1/star_output/Aligned.sortedByCoord.out.bam	SRR7408618
/data/scratch/users/cfbuenabadn/Tiklova/RNASeq_pipeline_spike_replicate/SRR7408619_1/star_output/Aligned.sortedByCoord.out.bam	SRR7408619
/data/scratch/users/cfbuenabadn/Tiklova/RNASeq_pipeline_spike_replicate/SRR7408620_1/star_output/Aligned.sortedByCoord.out.bam	SRR7408620
/data/scratch/users/cfbuenabadn/Tiklova/RNASeq_pipeline_spike_replicate/SRR7408621_1/star_output/Aligned.sortedByCoord.out.bam	SRR7408621
/data/scratch/users/cfbuenabadn/Tiklova/RNASeq_pipeline_spike_replicate/SRR7408622_1/star_output/Aligned.sortedByCoord.out.bam	SRR7408622
/data/scratch/users/cfbuenabadn/Tiklova/RNASeq_pipeline_spike_replicate/SRR7408623_1/star_output/Aligned.sortedByCoord.out.bam	SRR7408623
/data/scratch/users/cfbuenabadn/Tiklova/RNASeq_pipeline_spike_replicate/SRR7408624_1/star_output/Aligned.sortedByCoord.out.bam	SRR7408624
/data/scratch/users/cfbuenabadn/Tiklova/RNASeq_pipeline_spike_replicate/SRR7408625_1/star_output/Aligned.sortedByCoord.out.bam	SRR7408625
/data/scratch/users/cfbuenabadn/Tiklova/RNASeq_pipeline_spike_replicate/SRR7408626_1/star_output/Aligned.sortedByCoord.out.bam	SRR7408626
/data/scratch/users/cfbuenabadn/Tiklova/RNASeq_pipeline_spike_replicate/SRR7408627_1/star_output/Aligned.sortedByCoord.out.bam	SRR7408627
/data/scratch/users/cfbuenabadn/Tiklova/RNASeq_pipeline_spike_replicate/SRR7408628_1/star_output/Aligned.sortedByCoord.out.bam	SRR7408628
/data/scratch/users/cfbuenabadn/Tiklova/RNASeq_pipeline_spike_replicate/SRR7408629_1/star_output/Aligned.sortedByCoord.out.bam	SRR7408629
/data/scratch/users/cfbuenabadn/Tiklova/RNASeq_pipeline_spike_replicate/SRR7408630_1/star_output/Aligned.sortedByCoord.out.bam	SRR7408630
/data/scratch/users/cfbuenabadn/Tiklova/RNASeq_pipeline_spike_replicate/SRR7408632_1/star_output/Aligned.sortedByCoord.out.bam	SRR7408632
/data/scratch/users/cfbuenabadn/Tiklova/RNASeq_pipeline_spike_replicate/SRR7408633_1/star_output/Aligned.sortedByCoord.out.bam	SRR7408633
/data/scratch/users/cfbuenabadn/Tiklova/RNASeq_pipeline_spike_replicate/SRR7408634_1/star_output/Aligned.sortedByCoord.out.bam	SRR7408634
/data/scratch/users/cfbuenabadn/Tiklova/RNASeq_pipeline_spike_replicate/SRR7408635_1/star_output/Aligned.sortedByCoord.out.bam	SRR7408635
/data/scratch/users/cfbuenabadn/Tiklova/RNASeq_pipeline_spike_replicate/SRR7408636_1/star_output/Aligned.sortedByCoord.out.bam	SRR7408636
/data/scratch/users/cfbuenabadn/Tiklova/RNASeq_pipeline_spike_replicate/SRR7408637_1/star_output/Aligned.sortedByCoord.out.bam	SRR7408637
/data/scratch/users/cfbuenabadn/Tiklova/RNASeq_pipeline_spike_replicate/SRR7408639_1/star_output/Aligned.sortedByCoord.out.bam	SRR7408639
/data/scratch/users/cfbuenabadn/Tiklova/RNASeq_pipeline_spike_replicate/SRR7408640_1/star_output/Aligned.sortedByCoord.out.bam	SRR7408640
/data/scratch/users/cfbuenabadn/Tiklova/RNASeq_pipeline_spike_replicate/SRR7408641_1/star_output/Aligned.sortedByCoord.out.bam	SRR7408641
/data/scratch/users/cfbuenabadn/Tiklova/RNASeq_pipeline_spike_replicate/SRR7408642_1/star_output/Aligned.sortedByCoord.out.bam	SRR7408642
/data/scratch/users/cfbuenabadn/Tiklova/RNASeq_pipeline_spike_replicate/SRR7408643_1/star_output/Aligned.sortedByCoord.out.bam	SRR7408643
/data/scratch/users/cfbuenabadn/Tiklova/RNASeq_pipeline_spike_replicate/SRR7408644_1/star_output/Aligned.sortedByCoord.out.bam	SRR7408644
/data/scratch/users/cfbuenabadn/Tiklova/RNASeq_pipeline_spike_replicate/SRR7408645_1/star_output/Aligned.sortedByCoord.out.bam	SRR7408645
/data/scratch/users/cfbuenabadn/Tiklova/RNASeq_pipeline_spike_replicate/SRR7408646_1/star_output/Aligned.sortedByCoord.out.bam	SRR7408646
/data/scratch/users/cfbuenabadn/Tiklova/RNASeq_pipeline_spike_replicate/SRR7408647_1/star_output/Aligned.sortedByCoord.out.bam	SRR7408647
/data/scratch/users/cfbuenabadn/Tiklova/RNASeq_pipeline_spike_replicate/SRR7408648_1/star_output/Aligned.sortedByCoord.out.bam	SRR7408648
/data/scratch/users/cfbuenabadn/Tiklova/RNASeq_pipeline_spike_replicate/SRR7408649_1/star_output/Aligned.sortedByCoord.out.bam	SRR7408649
/data/scratch/users/cfbuenabadn/Tiklova/RNASeq_pipeline_spike_replicate/SRR7408650_1/star_output/Aligned.sortedByCoord.out.bam	SRR7408650
/data/scratch/users/cfbuenabadn/Tiklova/RNASeq_pipeline_spike_replicate/SRR7408651_1/star_output/Aligned.sortedByCoord.out.bam	SRR7408651
/data/scratch/users/cfbuenabadn/Tiklova/RNASeq_pipeline_spike_replicate/SRR7408652_1/star_output/Aligned.sortedByCoord.out.bam	SRR7408652
/data/scratch/users/cfbuenabadn/Tiklova/RNASeq_pipeline_spike_replicate/SRR7408653_1/star_output/Aligned.sortedByCoord.out.bam	SRR7408653
/data/scratch/users/cfbuenabadn/Tiklova/RNASeq_pipeline_spike_replicate/SRR7408654_1/star_output/Aligned.sortedByCoord.out.bam	SRR7408654
/data/scratch/users/cfbuenabadn/Tiklova/RNASeq_pipeline_spike_replicate/SRR7408655_1/star_output/Aligned.sortedByCoord.out.bam	SRR7408655
/data/scratch/users/cfbuenabadn/Tiklova/RNASeq_pipeline_spike_replicate/SRR7408656_1/star_output/Aligned.sortedByCoord.out.bam	SRR7408656
/data/scratch/users/cfbuenabadn/Tiklova/RNASeq_pipeline_spike_replicate/SRR7408657_1/star_output/Aligned.sortedByCoord.out.bam	SRR7408657
/data/scratch/users/cfbuenabadn/Tiklova/RNASeq_pipeline_spike_replicate/SRR7408658_1/star_output/Aligned.sortedByCoord.out.bam	SRR7408658
/data/scratch/users/cfbuenabadn/Tiklova/RNASeq_pipeline_spike_replicate/SRR7408659_1/star_output/Aligned.sortedByCoord.out.bam	SRR7408659
/data/scratch/users/cfbuenabadn/Tiklova/RNASeq_pipeline_spike_replicate/SRR7408660_1/star_output/Aligned.sortedByCoord.out.bam	SRR7408660
/data/scratch/users/cfbuenabadn/Tiklova/RNASeq_pipeline_spike_replicate/SRR7408661_1/star_output/Aligned.sortedByCoord.out.bam	SRR7408661
/data/scratch/users/cfbuenabadn/Tiklova/RNASeq_pipeline_spike_replicate/SRR7408662_1/star_output/Aligned.sortedByCoord.out.bam	SRR7408662
/data/scratch/users/cfbuenabadn/Tiklova/RNASeq_pipeline_spike_replicate/SRR7408663_1/star_output/Aligned.sortedByCoord.out.bam	SRR7408663
/data/scratch/users/cfbuenabadn/Tiklova/RNASeq_pipeline_spike_replicate/SRR7408664_1/star_output/Aligned.sortedByCoord.out.bam	SRR7408664
/data/scratch/users/cfbuenabadn/Tiklova/RNASeq_pipeline_spike_replicate/SRR7408665_1/star_output/Aligned.sortedByCoord.out.bam	SRR7408665
/data/scratch/users/cfbuenabadn/Tiklova/RNASeq_pipeline_spike_replicate/SRR7408666_1/star_output/Aligned.sortedByCoord.out.bam	SRR7408666
/data/scratch/users/cfbuenabadn/Tiklova/RNASeq_pipeline_spike_replicate/SRR7408667_1/star_output/Aligned.sortedByCoord.out.bam	SRR7408667
/data/scratch/users/cfbuenabadn/Tiklova/RNASeq_pipeline_spike_replicate/SRR7408668_1/star_output/Aligned.sortedByCoord.out.bam	SRR7408668
/data/scratch/users/cfbuenabadn/Tiklova/RNASeq_pipeline_spike_replicate/SRR7408669_1/star_output/Aligned.sortedByCoord.out.bam	SRR7408669
/data/scratch/users/cfbuenabadn/Tiklova/RNASeq_pipeline_spike_replicate/SRR7408670_1/star_output/Aligned.sortedByCoord.out.bam	SRR7408670
/data/scratch/users/cfbuenabadn/Tiklova/RNASeq_pipeline_spike_replicate/SRR7408671_1/star_output/Aligned.sortedByCoord.out.bam	SRR7408671
/data/scratch/users/cfbuenabadn/Tiklova/RNASeq_pipeline_spike_replicate/SRR7408672_1/star_output/Aligned.sortedByCoord.out.bam	SRR7408672
/data/scratch/users/cfbuenabadn/Tiklova/RNASeq_pipeline_spike_replicate/SRR7408673_1/star_output/Aligned.sortedByCoord.out.bam	SRR7408673
/data/scratch/users/cfbuenabadn/Tiklova/RNASeq_pipeline_spike_replicate/SRR7408674_1/star_output/Aligned.sortedByCoord.out.bam	SRR7408674
/data/scratch/users/cfbuenabadn/Tiklova/RNASeq_pipeline_spike_replicate/SRR7408675_1/star_output/Aligned.sortedByCoord.out.bam	SRR7408675
/data/scratch/users/cfbuenabadn/Tiklova/RNASeq_pipeline_spike_replicate/SRR7408676_1/star_output/Aligned.sortedByCoord.out.bam	SRR7408676
/data/scratch/users/cfbuenabadn/Tiklova/RNASeq_pipeline_spike_replicate/SRR7408677_1/star_output/Aligned.sortedByCoord.out.bam	SRR7408677
/data/scratch/users/cfbuenabadn/Tiklova/RNASeq_pipeline_spike_replicate/SRR7408679_1/star_output/Aligned.sortedByCoord.out.bam	SRR7408679
/data/scratch/users/cfbuenabadn/Tiklova/RNASeq_pipeline_spike_replicate/SRR7408680_1/star_output/Aligned.sortedByCoord.out.bam	SRR7408680
/data/scratch/users/cfbuenabadn/Tiklova/RNASeq_pipeline_spike_replicate/SRR7408681_1/star_output/Aligned.sortedByCoord.out.bam	SRR7408681
/data/scratch/users/cfbuenabadn/Tiklova/RNASeq_pipeline_spike_replicate/SRR7408682_1/star_output/Aligned.sortedByCoord.out.bam	SRR7408682
/data/scratch/users/cfbuenabadn/Tiklova/RNASeq_pipeline_spike_replicate/SRR7408684_1/star_output/Aligned.sortedByCoord.out.bam	SRR7408684
/data/scratch/users/cfbuenabadn/Tiklova/RNASeq_pipeline_spike_replicate/SRR7408685_1/star_output/Aligned.sortedByCoord.out.bam	SRR7408685
/data/scratch/users/cfbuenabadn/Tiklova/RNASeq_pipeline_spike_replicate/SRR7408686_1/star_output/Aligned.sortedByCoord.out.bam	SRR7408686
/data/scratch/users/cfbuenabadn/Tiklova/RNASeq_pipeline_spike_replicate/SRR7408687_1/star_output/Aligned.sortedByCoord.out.bam	SRR7408687
/data/scratch/users/cfbuenabadn/Tiklova/RNASeq_pipeline_spike_replicate/SRR7408688_1/star_output/Aligned.sortedByCoord.out.bam	SRR7408688
/data/scratch/users/cfbuenabadn/Tiklova/RNASeq_pipeline_spike_replicate/SRR7408690_1/star_output/Aligned.sortedByCoord.out.bam	SRR7408690
/data/scratch/users/cfbuenabadn/Tiklova/RNASeq_pipeline_spike_replicate/SRR7408691_1/star_output/Aligned.sortedByCoord.out.bam	SRR7408691
/data/scratch/users/cfbuenabadn/Tiklova/RNASeq_pipeline_spike_replicate/SRR7408692_1/star_output/Aligned.sortedByCoord.out.bam	SRR7408692
/data/scratch/users/cfbuenabadn/Tiklova/RNASeq_pipeline_spike_replicate/SRR7408693_1/star_output/Aligned.sortedByCoord.out.bam	SRR7408693
/data/scratch/users/cfbuenabadn/Tiklova/RNASeq_pipeline_spike_replicate/SRR7408694_1/star_output/Aligned.sortedByCoord.out.bam	SRR7408694
/data/scratch/users/cfbuenabadn/Tiklova/RNASeq_pipeline_spike_replicate/SRR7408695_1/star_output/Aligned.sortedByCoord.out.bam	SRR7408695
/data/scratch/users/cfbuenabadn/Tiklova/RNASeq_pipeline_spike_replicate/SRR7408696_1/star_output/Aligned.sortedByCoord.out.bam	SRR7408696
/data/scratch/users/cfbuenabadn/Tiklova/RNASeq_pipeline_spike_replicate/SRR7408697_1/star_output/Aligned.sortedByCoord.out.bam	SRR7408697
/data/scratch/users/cfbuenabadn/Tiklova/RNASeq_pipeline_spike_replicate/SRR7408698_1/star_output/Aligned.sortedByCoord.out.bam	SRR7408698
/data/scratch/users/cfbuenabadn/Tiklova/RNASeq_pipeline_spike_replicate/SRR7408699_1/star_output/Aligned.sortedByCoord.out.bam	SRR7408699
/data/scratch/users/cfbuenabadn/Tiklova/RNASeq_pipeline_spike_replicate/SRR7408700_1/star_output/Aligned.sortedByCoord.out.bam	SRR7408700
/data/scratch/users/cfbuenabadn/Tiklova/RNASeq_pipeline_spike_replicate/SRR7408701_1/star_output/Aligned.sortedByCoord.out.bam	SRR7408701
/data/scratch/users/cfbuenabadn/Tiklova/RNASeq_pipeline_spike_replicate/SRR7408702_1/star_output/Aligned.sortedByCoord.out.bam	SRR7408702
/data/scratch/users/cfbuenabadn/Tiklova/RNASeq_pipeline_spike_replicate/SRR7408703_1/star_output/Aligned.sortedByCoord.out.bam	SRR7408703
/data/scratch/users/cfbuenabadn/Tiklova/RNASeq_pipeline_spike_replicate/SRR7408704_1/star_output/Aligned.sortedByCoord.out.bam	SRR7408704
/data/scratch/users/cfbuenabadn/Tiklova/RNASeq_pipeline_spike_replicate/SRR7408705_1/star_output/Aligned.sortedByCoord.out.bam	SRR7408705
/data/scratch/users/cfbuenabadn/Tiklova/RNASeq_pipeline_spike_replicate/SRR7408706_1/star_output/Aligned.sortedByCoord.out.bam	SRR7408706
/data/scratch/users/cfbuenabadn/Tiklova/RNASeq_pipeline_spike_replicate/SRR7408707_1/star_output/Aligned.sortedByCoord.out.bam	SRR7408707
/data/scratch/users/cfbuenabadn/Tiklova/RNASeq_pipeline_spike_replicate/SRR7408708_1/star_output/Aligned.sortedByCoord.out.bam	SRR7408708
/data/scratch/users/cfbuenabadn/Tiklova/RNASeq_pipeline_spike_replicate/SRR7408709_1/star_output/Aligned.sortedByCoord.out.bam	SRR7408709
/data/scratch/users/cfbuenabadn/Tiklova/RNASeq_pipeline_spike_replicate/SRR7408710_1/star_output/Aligned.sortedByCoord.out.bam	SRR7408710
/data/scratch/users/cfbuenabadn/Tiklova/RNASeq_pipeline_spike_replicate/SRR7408711_1/star_output/Aligned.sortedByCoord.out.bam	SRR7408711
/data/scratch/users/cfbuenabadn/Tiklova/RNASeq_pipeline_spike_replicate/SRR7408712_1/star_output/Aligned.sortedByCoord.out.bam	SRR7408712
/data/scratch/users/cfbuenabadn/Tiklova/RNASeq_pipeline_spike_replicate/SRR7408713_1/star_output/Aligned.sortedByCoord.out.bam	SRR7408713
/data/scratch/users/cfbuenabadn/Tiklova/RNASeq_pipeline_spike_replicate/SRR7408714_1/star_output/Aligned.sortedByCoord.out.bam	SRR7408714
/data/scratch/users/cfbuenabadn/Tiklova/RNASeq_pipeline_spike_replicate/SRR7408715_1/star_output/Aligned.sortedByCoord.out.bam	SRR7408715
/data/scratch/users/cfbuenabadn/Tiklova/RNASeq_pipeline_spike_replicate/SRR7408716_1/star_output/Aligned.sortedByCoord.out.bam	SRR7408716
/data/scratch/users/cfbuenabadn/Tiklova/RNASeq_pipeline_spike_replicate/SRR7408717_1/star_output/Aligned.sortedByCoord.out.bam	SRR7408717
/data/scratch/users/cfbuenabadn/Tiklova/RNASeq_pipeline_spike_replicate/SRR7408718_1/star_output/Aligned.sortedByCoord.out.bam	SRR7408718
/data/scratch/users/cfbuenabadn/Tiklova/RNASeq_pipeline_spike_replicate/SRR7408719_1/star_output/Aligned.sortedByCoord.out.bam	SRR7408719
/data/scratch/users/cfbuenabadn/Tiklova/RNASeq_pipeline_spike_replicate/SRR7408720_1/star_output/Aligned.sortedByCoord.out.bam	SRR7408720
/data/scratch/users/cfbuenabadn/Tiklova/RNASeq_pipeline_spike_replicate/SRR7408721_1/star_output/Aligned.sortedByCoord.out.bam	SRR7408721
/data/scratch/users/cfbuenabadn/Tiklova/RNASeq_pipeline_spike_replicate/SRR7408722_1/star_output/Aligned.sortedByCoord.out.bam	SRR7408722
/data/scratch/users/cfbuenabadn/Tiklova/RNASeq_pipeline_spike_replicate/SRR7408723_1/star_output/Aligned.sortedByCoord.out.bam	SRR7408723
/data/scratch/users/cfbuenabadn/Tiklova/RNASeq_pipeline_spike_replicate/SRR7408724_1/star_output/Aligned.sortedByCoord.out.bam	SRR7408724
/data/scratch/users/cfbuenabadn/Tiklova/RNASeq_pipeline_spike_replicate/SRR7408725_1/star_output/Aligned.sortedByCoord.out.bam	SRR7408725
/data/scratch/users/cfbuenabadn/Tiklova/RNASeq_pipeline_spike_replicate/SRR7408726_1/star_output/Aligned.sortedByCoord.out.bam	SRR7408726
/data/scratch/users/cfbuenabadn/Tiklova/RNASeq_pipeline_spike_replicate/SRR7408727_1/star_output/Aligned.sortedByCoord.out.bam	SRR7408727
/data/scratch/users/cfbuenabadn/Tiklova/RNASeq_pipeline_spike_replicate/SRR7408728_1/star_output/Aligned.sortedByCoord.out.bam	SRR7408728
/data/scratch/users/cfbuenabadn/Tiklova/RNASeq_pipeline_spike_replicate/SRR7408729_1/star_output/Aligned.sortedByCoord.out.bam	SRR7408729
/data/scratch/users/cfbuenabadn/Tiklova/RNASeq_pipeline_spike_replicate/SRR7408730_1/star_output/Aligned.sortedByCoord.out.bam	SRR7408730
/data/scratch/users/cfbuenabadn/Tiklova/RNASeq_pipeline_spike_replicate/SRR7408731_1/star_output/Aligned.sortedByCoord.out.bam	SRR7408731
/data/scratch/users/cfbuenabadn/Tiklova/RNASeq_pipeline_spike_replicate/SRR7408732_1/star_output/Aligned.sortedByCoord.out.bam	SRR7408732
/data/scratch/users/cfbuenabadn/Tiklova/RNASeq_pipeline_spike_replicate/SRR7408733_1/star_output/Aligned.sortedByCoord.out.bam	SRR7408733
/data/scratch/users/cfbuenabadn/Tiklova/RNASeq_pipeline_spike_replicate/SRR7408734_1/star_output/Aligned.sortedByCoord.out.bam	SRR7408734
/data/scratch/users/cfbuenabadn/Tiklova/RNASeq_pipeline_spike_replicate/SRR7408735_1/star_output/Aligned.sortedByCoord.out.bam	SRR7408735
/data/scratch/users/cfbuenabadn/Tiklova/RNASeq_pipeline_spike_replicate/SRR7408736_1/star_output/Aligned.sortedByCoord.out.bam	SRR7408736
/data/scratch/users/cfbuenabadn/Tiklova/RNASeq_pipeline_spike_replicate/SRR7408737_1/star_output/Aligned.sortedByCoord.out.bam	SRR7408737
/data/scratch/users/cfbuenabadn/Tiklova/RNASeq_pipeline_spike_replicate/SRR7408738_1/star_output/Aligned.sortedByCoord.out.bam	SRR7408738
/data/scratch/users/cfbuenabadn/Tiklova/RNASeq_pipeline_spike_replicate/SRR7408739_1/star_output/Aligned.sortedByCoord.out.bam	SRR7408739
/data/scratch/users/cfbuenabadn/Tiklova/RNASeq_pipeline_spike_replicate/SRR7408740_1/star_output/Aligned.sortedByCoord.out.bam	SRR7408740
/data/scratch/users/cfbuenabadn/Tiklova/RNASeq_pipeline_spike_replicate/SRR7408741_1/star_output/Aligned.sortedByCoord.out.bam	SRR7408741
/data/scratch/users/cfbuenabadn/Tiklova/RNASeq_pipeline_spike_replicate/SRR7408742_1/star_output/Aligned.sortedByCoord.out.bam	SRR7408742
/data/scratch/users/cfbuenabadn/Tiklova/RNASeq_pipeline_spike_replicate/SRR7408743_1/star_output/Aligned.sortedByCoord.out.bam	SRR7408743
/data/scratch/users/cfbuenabadn/Tiklova/RNASeq_pipeline_spike_replicate/SRR7408745_1/star_output/Aligned.sortedByCoord.out.bam	SRR7408745
/data/scratch/users/cfbuenabadn/Tiklova/RNASeq_pipeline_spike_replicate/SRR7408746_1/star_output/Aligned.sortedByCoord.out.bam	SRR7408746
/data/scratch/users/cfbuenabadn/Tiklova/RNASeq_pipeline_spike_replicate/SRR7408747_1/star_output/Aligned.sortedByCoord.out.bam	SRR7408747
/data/scratch/users/cfbuenabadn/Tiklova/RNASeq_pipeline_spike_replicate/SRR7408748_1/star_output/Aligned.sortedByCoord.out.bam	SRR7408748
/data/scratch/users/cfbuenabadn/Tiklova/RNASeq_pipeline_spike_replicate/SRR7408749_1/star_output/Aligned.sortedByCoord.out.bam	SRR7408749
/data/scratch/users/cfbuenabadn/Tiklova/RNASeq_pipeline_spike_replicate/SRR7408750_1/star_output/Aligned.sortedByCoord.out.bam	SRR7408750
/data/scratch/users/cfbuenabadn/Tiklova/RNASeq_pipeline_spike_replicate/SRR7408751_1/star_output/Aligned.sortedByCoord.out.bam	SRR7408751
/data/scratch/users/cfbuenabadn/Tiklova/RNASeq_pipeline_spike_replicate/SRR7408752_1/star_output/Aligned.sortedByCoord.out.bam	SRR7408752
/data/scratch/users/cfbuenabadn/Tiklova/RNASeq_pipeline_spike_replicate/SRR7408753_1/star_output/Aligned.sortedByCoord.out.bam	SRR7408753
/data/scratch/users/cfbuenabadn/Tiklova/RNASeq_pipeline_spike_replicate/SRR7408754_1/star_output/Aligned.sortedByCoord.out.bam	SRR7408754
/data/scratch/users/cfbuenabadn/Tiklova/RNASeq_pipeline_spike_replicate/SRR7408755_1/star_output/Aligned.sortedByCoord.out.bam	SRR7408755
/data/scratch/users/cfbuenabadn/Tiklova/RNASeq_pipeline_spike_replicate/SRR7408756_1/star_output/Aligned.sortedByCoord.out.bam	SRR7408756
/data/scratch/users/cfbuenabadn/Tiklova/RNASeq_pipeline_spike_replicate/SRR7408757_1/star_output/Aligned.sortedByCoord.out.bam	SRR7408757
/data/scratch/users/cfbuenabadn/Tiklova/RNASeq_pipeline_spike_replicate/SRR7408759_1/star_output/Aligned.sortedByCoord.out.bam	SRR7408759
/data/scratch/users/cfbuenabadn/Tiklova/RNASeq_pipeline_spike_replicate/SRR7408760_1/star_output/Aligned.sortedByCoord.out.bam	SRR7408760
/data/scratch/users/cfbuenabadn/Tiklova/RNASeq_pipeline_spike_replicate/SRR7408761_1/star_output/Aligned.sortedByCoord.out.bam	SRR7408761
/data/scratch/users/cfbuenabadn/Tiklova/RNASeq_pipeline_spike_replicate/SRR7408762_1/star_output/Aligned.sortedByCoord.out.bam	SRR7408762
/data/scratch/users/cfbuenabadn/Tiklova/RNASeq_pipeline_spike_replicate/SRR7408763_1/star_output/Aligned.sortedByCoord.out.bam	SRR7408763
/data/scratch/users/cfbuenabadn/Tiklova/RNASeq_pipeline_spike_replicate/SRR7408764_1/star_output/Aligned.sortedByCoord.out.bam	SRR7408764
/data/scratch/users/cfbuenabadn/Tiklova/RNASeq_pipeline_spike_replicate/SRR7408765_1/star_output/Aligned.sortedByCoord.out.bam	SRR7408765
/data/scratch/users/cfbuenabadn/Tiklova/RNASeq_pipeline_spike_replicate/SRR7408766_1/star_output/Aligned.sortedByCoord.out.bam	SRR7408766
/data/scratch/users/cfbuenabadn/Tiklova/RNASeq_pipeline_spike_replicate/SRR7408768_1/star_output/Aligned.sortedByCoord.out.bam	SRR7408768
/data/scratch/users/cfbuenabadn/Tiklova/RNASeq_pipeline_spike_replicate/SRR7408769_1/star_output/Aligned.sortedByCoord.out.bam	SRR7408769
/data/scratch/users/cfbuenabadn/Tiklova/RNASeq_pipeline_spike_replicate/SRR7408770_1/star_output/Aligned.sortedByCoord.out.bam	SRR7408770
/data/scratch/users/cfbuenabadn/Tiklova/RNASeq_pipeline_spike_replicate/SRR7408771_1/star_output/Aligned.sortedByCoord.out.bam	SRR7408771
/data/scratch/users/cfbuenabadn/Tiklova/RNASeq_pipeline_spike_replicate/SRR7408772_1/star_output/Aligned.sortedByCoord.out.bam	SRR7408772
/data/scratch/users/cfbuenabadn/Tiklova/RNASeq_pipeline_spike_replicate/SRR7408773_1/star_output/Aligned.sortedByCoord.out.bam	SRR7408773
/data/scratch/users/cfbuenabadn/Tiklova/RNASeq_pipeline_spike_replicate/SRR7408774_1/star_output/Aligned.sortedByCoord.out.bam	SRR7408774
/data/scratch/users/cfbuenabadn/Tiklova/RNASeq_pipeline_spike_replicate/SRR7408775_1/star_output/Aligned.sortedByCoord.out.bam	SRR7408775
/data/scratch/users/cfbuenabadn/Tiklova/RNASeq_pipeline_spike_replicate/SRR7408776_1/star_output/Aligned.sortedByCoord.out.bam	SRR7408776
/data/scratch/users/cfbuenabadn/Tiklova/RNASeq_pipeline_spike_replicate/SRR7408778_1/star_output/Aligned.sortedByCoord.out.bam	SRR7408778
/data/scratch/users/cfbuenabadn/Tiklova/RNASeq_pipeline_spike_replicate/SRR7408779_1/star_output/Aligned.sortedByCoord.out.bam	SRR7408779
/data/scratch/users/cfbuenabadn/Tiklova/RNASeq_pipeline_spike_replicate/SRR7408780_1/star_output/Aligned.sortedByCoord.out.bam	SRR7408780
/data/scratch/users/cfbuenabadn/Tiklova/RNASeq_pipeline_spike_replicate/SRR7408781_1/star_output/Aligned.sortedByCoord.out.bam	SRR7408781
/data/scratch/users/cfbuenabadn/Tiklova/RNASeq_pipeline_spike_replicate/SRR7408782_1/star_output/Aligned.sortedByCoord.out.bam	SRR7408782
/data/scratch/users/cfbuenabadn/Tiklova/RNASeq_pipeline_spike_replicate/SRR7408783_1/star_output/Aligned.sortedByCoord.out.bam	SRR7408783
/data/scratch/users/cfbuenabadn/Tiklova/RNASeq_pipeline_spike_replicate/SRR7408784_1/star_output/Aligned.sortedByCoord.out.bam	SRR7408784
/data/scratch/users/cfbuenabadn/Tiklova/RNASeq_pipeline_spike_replicate/SRR7408785_1/star_output/Aligned.sortedByCoord.out.bam	SRR7408785
/data/scratch/users/cfbuenabadn/Tiklova/RNASeq_pipeline_spike_replicate/SRR7408787_1/star_output/Aligned.sortedByCoord.out.bam	SRR7408787
/data/scratch/users/cfbuenabadn/Tiklova/RNASeq_pipeline_spike_replicate/SRR7408788_1/star_output/Aligned.sortedByCoord.out.bam	SRR7408788
/data/scratch/users/cfbuenabadn/Tiklova/RNASeq_pipeline_spike_replicate/SRR7408789_1/star_output/Aligned.sortedByCoord.out.bam	SRR7408789
/data/scratch/users/cfbuenabadn/Tiklova/RNASeq_pipeline_spike_replicate/SRR7408790_1/star_output/Aligned.sortedByCoord.out.bam	SRR7408790
/data/scratch/users/cfbuenabadn/Tiklova/RNASeq_pipeline_spike_replicate/SRR7408791_1/star_output/Aligned.sortedByCoord.out.bam	SRR7408791
/data/scratch/users/cfbuenabadn/Tiklova/RNASeq_pipeline_spike_replicate/SRR7408792_1/star_output/Aligned.sortedByCoord.out.bam	SRR7408792
/data/scratch/users/cfbuenabadn/Tiklova/RNASeq_pipeline_spike_replicate/SRR7408793_1/star_output/Aligned.sortedByCoord.out.bam	SRR7408793
/data/scratch/users/cfbuenabadn/Tiklova/RNASeq_pipeline_spike_replicate/SRR7408795_1/star_output/Aligned.sortedByCoord.out.bam	SRR7408795
/data/scratch/users/cfbuenabadn/Tiklova/RNASeq_pipeline_spike_replicate/SRR7408796_1/star_output/Aligned.sortedByCoord.out.bam	SRR7408796
/data/scratch/users/cfbuenabadn/Tiklova/RNASeq_pipeline_spike_replicate/SRR7408797_1/star_output/Aligned.sortedByCoord.out.bam	SRR7408797
/data/scratch/users/cfbuenabadn/Tiklova/RNASeq_pipeline_spike_replicate/SRR7408798_1/star_output/Aligned.sortedByCoord.out.bam	SRR7408798
/data/scratch/users/cfbuenabadn/Tiklova/RNASeq_pipeline_spike_replicate/SRR7408801_1/star_output/Aligned.sortedByCoord.out.bam	SRR7408801
/data/scratch/users/cfbuenabadn/Tiklova/RNASeq_pipeline_spike_replicate/SRR7408803_1/star_output/Aligned.sortedByCoord.out.bam	SRR7408803
/data/scratch/users/cfbuenabadn/Tiklova/RNASeq_pipeline_spike_replicate/SRR7408804_1/star_output/Aligned.sortedByCoord.out.bam	SRR7408804
/data/scratch/users/cfbuenabadn/Tiklova/RNASeq_pipeline_spike_replicate/SRR7408808_1/star_output/Aligned.sortedByCoord.out.bam	SRR7408808
/data/scratch/users/cfbuenabadn/Tiklova/RNASeq_pipeline_spike_replicate/SRR7408809_1/star_output/Aligned.sortedByCoord.out.bam	SRR7408809
/data/scratch/users/cfbuenabadn/Tiklova/RNASeq_pipeline_spike_replicate/SRR7408811_1/star_output/Aligned.sortedByCoord.out.bam	SRR7408811
/data/scratch/users/cfbuenabadn/Tiklova/RNASeq_pipeline_spike_replicate/SRR7408812_1/star_output/Aligned.sortedByCoord.out.bam	SRR7408812
/data/scratch/users/cfbuenabadn/Tiklova/RNASeq_pipeline_spike_replicate/SRR7408813_1/star_output/Aligned.sortedByCoord.out.bam	SRR7408813
/data/scratch/users/cfbuenabadn/Tiklova/RNASeq_pipeline_spike_replicate/SRR7408814_1/star_output/Aligned.sortedByCoord.out.bam	SRR7408814
/data/scratch/users/cfbuenabadn/Tiklova/RNASeq_pipeline_spike_replicate/SRR7408815_1/star_output/Aligned.sortedByCoord.out.bam	SRR7408815
/data/scratch/users/cfbuenabadn/Tiklova/RNASeq_pipeline_spike_replicate/SRR7408817_1/star_output/Aligned.sortedByCoord.out.bam	SRR7408817
/data/scratch/users/cfbuenabadn/Tiklova/RNASeq_pipeline_spike_replicate/SRR7408818_1/star_output/Aligned.sortedByCoord.out.bam	SRR7408818
/data/scratch/users/cfbuenabadn/Tiklova/RNASeq_pipeline_spike_replicate/SRR7408819_1/star_output/Aligned.sortedByCoord.out.bam	SRR7408819
/data/scratch/users/cfbuenabadn/Tiklova/RNASeq_pipeline_spike_replicate/SRR7408821_1/star_output/Aligned.sortedByCoord.out.bam	SRR7408821
/data/scratch/users/cfbuenabadn/Tiklova/RNASeq_pipeline_spike_replicate/SRR7408822_1/star_output/Aligned.sortedByCoord.out.bam	SRR7408822
/data/scratch/users/cfbuenabadn/Tiklova/RNASeq_pipeline_spike_replicate/SRR7408823_1/star_output/Aligned.sortedByCoord.out.bam	SRR7408823
/data/scratch/users/cfbuenabadn/Tiklova/RNASeq_pipeline_spike_replicate/SRR7408824_1/star_output/Aligned.sortedByCoord.out.bam	SRR7408824
/data/scratch/users/cfbuenabadn/Tiklova/RNASeq_pipeline_spike_replicate/SRR7408825_1/star_output/Aligned.sortedByCoord.out.bam	SRR7408825
/data/scratch/users/cfbuenabadn/Tiklova/RNASeq_pipeline_spike_replicate/SRR7408826_1/star_output/Aligned.sortedByCoord.out.bam	SRR7408826
/data/scratch/users/cfbuenabadn/Tiklova/RNASeq_pipeline_spike_replicate/SRR7408827_1/star_output/Aligned.sortedByCoord.out.bam	SRR7408827
/data/scratch/users/cfbuenabadn/Tiklova/RNASeq_pipeline_spike_replicate/SRR7408828_1/star_output/Aligned.sortedByCoord.out.bam	SRR7408828
/data/scratch/users/cfbuenabadn/Tiklova/RNASeq_pipeline_spike_replicate/SRR7408829_1/star_output/Aligned.sortedByCoord.out.bam	SRR7408829
/data/scratch/users/cfbuenabadn/Tiklova/RNASeq_pipeline_spike_replicate/SRR7408830_1/star_output/Aligned.sortedByCoord.out.bam	SRR7408830
/data/scratch/users/cfbuenabadn/Tiklova/RNASeq_pipeline_spike_replicate/SRR7408831_1/star_output/Aligned.sortedByCoord.out.bam	SRR7408831
/data/scratch/users/cfbuenabadn/Tiklova/RNASeq_pipeline_spike_replicate/SRR7408833_1/star_output/Aligned.sortedByCoord.out.bam	SRR7408833
/data/scratch/users/cfbuenabadn/Tiklova/RNASeq_pipeline_spike_replicate/SRR7408834_1/star_output/Aligned.sortedByCoord.out.bam	SRR7408834
/data/scratch/users/cfbuenabadn/Tiklova/RNASeq_pipeline_spike_replicate/SRR7408835_1/star_output/Aligned.sortedByCoord.out.bam	SRR7408835
/data/scratch/users/cfbuenabadn/Tiklova/RNASeq_pipeline_spike_replicate/SRR7408836_1/star_output/Aligned.sortedByCoord.out.bam	SRR7408836
/data/scratch/users/cfbuenabadn/Tiklova/RNASeq_pipeline_spike_replicate/SRR7408837_1/star_output/Aligned.sortedByCoord.out.bam	SRR7408837
/data/scratch/users/cfbuenabadn/Tiklova/RNASeq_pipeline_spike_replicate/SRR7408838_1/star_output/Aligned.sortedByCoord.out.bam	SRR7408838
/data/scratch/users/cfbuenabadn/Tiklova/RNASeq_pipeline_spike_replicate/SRR7408839_1/star_output/Aligned.sortedByCoord.out.bam	SRR7408839
/data/scratch/users/cfbuenabadn/Tiklova/RNASeq_pipeline_spike_replicate/SRR7408840_1/star_output/Aligned.sortedByCoord.out.bam	SRR7408840
/data/scratch/users/cfbuenabadn/Tiklova/RNASeq_pipeline_spike_replicate/SRR7408841_1/star_output/Aligned.sortedByCoord.out.bam	SRR7408841
/data/scratch/users/cfbuenabadn/Tiklova/RNASeq_pipeline_spike_replicate/SRR7408842_1/star_output/Aligned.sortedByCoord.out.bam	SRR7408842
/data/scratch/users/cfbuenabadn/Tiklova/RNASeq_pipeline_spike_replicate/SRR7408843_1/star_output/Aligned.sortedByCoord.out.bam	SRR7408843
/data/scratch/users/cfbuenabadn/Tiklova/RNASeq_pipeline_spike_replicate/SRR7408844_1/star_output/Aligned.sortedByCoord.out.bam	SRR7408844
/data/scratch/users/cfbuenabadn/Tiklova/RNASeq_pipeline_spike_replicate/SRR7408846_1/star_output/Aligned.sortedByCoord.out.bam	SRR7408846
/data/scratch/users/cfbuenabadn/Tiklova/RNASeq_pipeline_spike_replicate/SRR7408847_1/star_output/Aligned.sortedByCoord.out.bam	SRR7408847
/data/scratch/users/cfbuenabadn/Tiklova/RNASeq_pipeline_spike_replicate/SRR7408848_1/star_output/Aligned.sortedByCoord.out.bam	SRR7408848
/data/scratch/users/cfbuenabadn/Tiklova/RNASeq_pipeline_spike_replicate/SRR7408849_1/star_output/Aligned.sortedByCoord.out.bam	SRR7408849
/data/scratch/users/cfbuenabadn/Tiklova/RNASeq_pipeline_spike_replicate/SRR7408850_1/star_output/Aligned.sortedByCoord.out.bam	SRR7408850
/data/scratch/users/cfbuenabadn/Tiklova/RNASeq_pipeline_spike_replicate/SRR7408852_1/star_output/Aligned.sortedByCoord.out.bam	SRR7408852
/data/scratch/users/cfbuenabadn/Tiklova/RNASeq_pipeline_spike_replicate/SRR7408853_1/star_output/Aligned.sortedByCoord.out.bam	SRR7408853
/data/scratch/users/cfbuenabadn/Tiklova/RNASeq_pipeline_spike_replicate/SRR7408854_1/star_output/Aligned.sortedByCoord.out.bam	SRR7408854
/data/scratch/users/cfbuenabadn/Tiklova/RNASeq_pipeline_spike_replicate/SRR7408855_1/star_output/Aligned.sortedByCoord.out.bam	SRR7408855
/data/scratch/users/cfbuenabadn/Tiklova/RNASeq_pipeline_spike_replicate/SRR7408856_1/star_output/Aligned.sortedByCoord.out.bam	SRR7408856
/data/scratch/users/cfbuenabadn/Tiklova/RNASeq_pipeline_spike_replicate/SRR7408857_1/star_output/Aligned.sortedByCoord.out.bam	SRR7408857
/data/scratch/users/cfbuenabadn/Tiklova/RNASeq_pipeline_spike_replicate/SRR7408858_1/star_output/Aligned.sortedByCoord.out.bam	SRR7408858
/data/scratch/users/cfbuenabadn/Tiklova/RNASeq_pipeline_spike_replicate/SRR7408859_1/star_output/Aligned.sortedByCoord.out.bam	SRR7408859
/data/scratch/users/cfbuenabadn/Tiklova/RNASeq_pipeline_spike_replicate/SRR7408860_1/star_output/Aligned.sortedByCoord.out.bam	SRR7408860
/data/scratch/users/cfbuenabadn/Tiklova/RNASeq_pipeline_spike_replicate/SRR7408861_1/star_output/Aligned.sortedByCoord.out.bam	SRR7408861
/data/scratch/users/cfbuenabadn/Tiklova/RNASeq_pipeline_spike_replicate/SRR7408862_1/star_output/Aligned.sortedByCoord.out.bam	SRR7408862
/data/scratch/users/cfbuenabadn/Tiklova/RNASeq_pipeline_spike_replicate/SRR7408863_1/star_output/Aligned.sortedByCoord.out.bam	SRR7408863
/data/scratch/users/cfbuenabadn/Tiklova/RNASeq_pipeline_spike_replicate/SRR7408864_1/star_output/Aligned.sortedByCoord.out.bam	SRR7408864
/data/scratch/users/cfbuenabadn/Tiklova/RNASeq_pipeline_spike_replicate/SRR7408865_1/star_output/Aligned.sortedByCoord.out.bam	SRR7408865
/data/scratch/users/cfbuenabadn/Tiklova/RNASeq_pipeline_spike_replicate/SRR7408866_1/star_output/Aligned.sortedByCoord.out.bam	SRR7408866
/data/scratch/users/cfbuenabadn/Tiklova/RNASeq_pipeline_spike_replicate/SRR7408867_1/star_output/Aligned.sortedByCoord.out.bam	SRR7408867
/data/scratch/users/cfbuenabadn/Tiklova/RNASeq_pipeline_spike_replicate/SRR7408868_1/star_output/Aligned.sortedByCoord.out.bam	SRR7408868
/data/scratch/users/cfbuenabadn/Tiklova/RNASeq_pipeline_spike_replicate/SRR7408869_1/star_output/Aligned.sortedByCoord.out.bam	SRR7408869
/data/scratch/users/cfbuenabadn/Tiklova/RNASeq_pipeline_spike_replicate/SRR7408870_1/star_output/Aligned.sortedByCoord.out.bam	SRR7408870
/data/scratch/users/cfbuenabadn/Tiklova/RNASeq_pipeline_spike_replicate/SRR7408871_1/star_output/Aligned.sortedByCoord.out.bam	SRR7408871
